{
    "classes": [
        "cats",
        "dogs",
        "snakes"
    ],
    "num_classes": 3,
    "loss": 0.6028440594673157,
    "accuracy": 0.7822222113609314,
    "precision": 0.791262149810791,
    "recall": 0.7244444489479065,
    "data_distribution": {
        "cats": 1000,
        "dogs": 1000,
        "snakes": 1000
    }
}