Type,Name,Request Count,Failure Count,Median Response Time,Average Response Time,Min Response Time,Max Response Time,Average Content Size,Requests/s,Failures/s,50%,66%,75%,80%,90%,95%,98%,99%,99.9%,99.99%,100%
POST,/predict,132,122,1800.0,2324.773989893897,979.43202299939,12370.835736001027,91.62121212121212,0.25281017126909333,0.2336578855668893,1800,2200,2500,3100,4700,5700,7800,9300,12000,12000,12000
GET,/status,137,1,3200.0,5023.639803649643,748.1898400001228,22184.74938000145,298.8029197080292,0.26238631412019536,0.001915228570220404,3200,5400,6800,7900,11000,17000,21000,21000,22000,22000,22000
GET,/visualizations,140,0,8,844.8671329641782,2.1373510026023723,13464.352344999497,180.0,0.26813199983085656,0.0,8,66,490,830,2900,6300,8800,8800,13000,13000,13000
,Aggregated,409,123,1500.0,2722.225472814134,2.1373510026023723,22184.74938000145,191.2713936430318,0.7833284852201453,0.2355731141371097,1500,2300,3400,4200,6800,9600,15000,19000,22000,22000,22000
